{
  "$schema": "./node_modules/@angular/cli/lib/config/schema.json",
  "project": {
    "name": "sisei-xii"
  },
  "apps": [
    {
      "root": "src",
      "outDir": "dist",
      "assets": [
        "assets",
        "favicon.ico"
      ],
      "index": "index.html",
      "main": "main.ts",
      "polyfills": "polyfills.ts",
      "test": "test.ts",
      "tsconfig": "tsconfig.app.json",
      "testTsconfig": "tsconfig.spec.json",
      "prefix": "app",
      "styles": [
         "../node_modules/materialize-css/dist/css/materialize.css",
      "../src/assets/css/style.css",
      "../node_modules/animate.css/animate.min.css",
        "styles.css"
      ],
      "scripts": [
        "../node_modules/jquery/dist/jquery.js",
         "../node_modules/hammerjs/hammer.js",
         "../node_modules/materialize-css/dist/js/materialize.js"

      ],
      "environmentSource": "environments/environment.ts",
      "environments": {
        "dev": "environments/environment.ts",
        "prod": "environments/environment.prod.ts"
      }
    }
  ],
  "e2e": {
    "protractor": {
      "config": "./protractor.conf.js"
    }
  },
  "lint": [
    {
      "project": "src/tsconfig.app.json",
      "exclude": "**/node_modules/**"
    },
    {
      "project": "src/tsconfig.spec.json",
      "exclude": "**/node_modules/**"
    },
    {
      "project": "e2e/tsconfig.e2e.json",
      "exclude": "**/node_modules/**"
    }
  ],
  "test": {
    "karma": {
      "config": "./karma.conf.js"
    }
  },
  "defaults": {
    "styleExt": "css",
    "component": {}
  }
}
